{"config":{"inputSize":1,"hiddenSize":32,"outputSize":1,"learningRate":0.001,"sequenceLength":20},"outputWeights":[[0.39479984717253486],[0.07549070474942268],[0.20364106979297494],[0.08874008148969466],[0.2257776834776273],[0.04607756954737915],[0.18983615432593084],[0.3807950552382517],[0.2573005013764392],[0.40329553130085577],[0.31923933784587494],[0.07040229278525036],[0.157254833011611],[0.41516063938863695],[0.2756953065459217],[0.2165203371969611],[0.17887384732787057],[0.37388868106213186],[0.2019830140178915],[0.3610778757786766],[0.10057030982776308],[0.4724748870730123],[0.2553761703660227],[0.1638360555813749],[0.3438204413464035],[0.26366644529596167],[0.02538170387940297],[0.40754608117498176],[0.26338727309719195],[0.0634021017344947],[0.01782687787777879],[0.24546978040890774]],"outputBias":[0.33545435333993995]}